center_lat,center_lon,city_cluster,city_label
20.71084792042254,79.11282640422534,0,Zone_0
17.40584987885441,78.4713322176461,1,Zone_1
19.07814485784314,72.87532724215686,2,Zone_2
30.98409746944445,75.769827725,3,Zone_3
17.62171857019608,79.39878161568626,4,Zone_4
14.975848187931037,77.65753916931034,5,Zone_5
13.12896080506329,79.36872641265822,6,Zone_6
17.50374549574468,82.80595006382978,7,Zone_7
